FarmNm_CH,FarmNm_EN,County,Township,Address_CH,Longitude,Latitude,WebURL,NearestStopName,NearestStopDistanceMeters,Routes
晁陽綠能休閒農場(附設田媽媽班),,10009,麥寮鄉,興華村興華路32號,120.297076,23.751210,https://www.solarfarm.com.tw/,,,
三富休閒農場(紫森林),Sanfu Leisure Farm(三富休閒農場),10002,冬山鄉,中山村新寮二路161巷88號,121.754694,24.617375,https://www.sanfufarm.com.tw/,,,
仙湖休閒農場(仙湖農場),Fairy Lake Leisure Farm(仙湖休閒農場),67000,東山區,南勢村1鄰賀老寮6-2號,120.482290,23.265934,https://www.senwho.com.tw/,內埔仔,703,黃7
千里光藥園休閒農場,,10002,宜蘭市,大坡路二段131巷53號,121.742088,24.777033,,,,
祥居雅舍休閒農場,,10002,三星鄉,大隱村大隱中路255巷17號,121.717443,24.667347,https://shop.okgo.tw/2289/,,,
阿連休閒農場,,10005,大湖鄉,栗林村13鄰內雙坑6號,120.833693,24.373984,,,,
捷美休閒農場,,68000,觀音區,大堀里6鄰新華路二段41號,0,0,https://lin-jia.com/,蚵間里福興宮,13102242,5031A; L602; L602A; L603; L603A; L617
蘭城花事休閒農場,,10002,員山鄉,惠深二路一段87號,121.726129,24.721397,,,,
全勝休閒農場,,10005,頭份市,成功里永安街340巷16號,120.911518,24.698565,,,,
火炭谷休閒農場,,10005,造橋鄉,造橋村錦成東路 8-5號,120.869991,24.641529,,,,
月眉休閒農場（停業中）,,10002,羅東鎮,新群里富農路三段240巷33號,121.800635,24.669872,https://www.moonlife.com.tw,,,
優生美地休閒農場,,10013,車城鄉,溫泉路57-26號,120.74606,22.09075,https://usmd.com.tw,,,
客家鄉下人休閒農場,,10005,三灣鄉,永和村北坑8鄰22之8號,120.924522,24.637164,https://goo.gl/RS4pv6,,,
三灣星光休閒農場,,10005,竹南鎮,,120.930260,24.630529,,,,
明昇生態休閒農場,,10004,北埔鄉,南埔村5鄰番婆坑6-2號,121.042591,24.674855,,,,
沐雲山莊休閒農場,,10005,大湖鄉,栗林村11鄰白石下11號,120.823443,24.375689,,,,
癩蛤蟆休閒農場,,10005,三義鄉,龍騰村外庄66號,120.782908,24.359041,https://photo.xuite.net/lhm566759,,,
富裕休閒農場,,10005,頭份市,上興里13鄰水源路464號,120.917758,24.665947,,,,
雙連埤休閒農場,,10002,員山鄉,西湖村雙埤路30之3號,121.640365,24.750222,,,,
白鶴咖啡休閒農場,,10013,萬巒鄉,新置村新光路9號,120.610034,22.532402,,,,
大雁休閒農場,,10008,魚池鄉,大雁巷36-1號,120.920935,23.923551,,,,
雲霧嶺茶柚休閒農場,,10005,三灣鄉,永和村7鄰明坑13-9號,120.924522,24.637164,,,,
第一景休閒農場,,64000,田寮區,大崗山段 388、389、390、391 地號,121.519872,25.031530,,,,
豐甜休閒農場,,66000,東勢區,石圍牆段石圍牆小段1143-2地號,120.774836,24.294689,,,,
愛鄉休閒農場,,10008,中寮鄉,永平村愛鄉巷39-6號,120.762616,23.876007,,,,
嵙角休閒農場,,10009,古坑鄉,華山村華山65號,120.593834,23.593349,,,,
嵐湖休閒農場,,10005,大湖鄉,新開村7鄰雙坑27-1號,120.841702,24.360272,,,,
吉平休閒農場,,10005,苑裡鎮,蕉埔里4鄰蕉埔45之1號,120.735021,24.405753,,,,
古月螢休閒農場,,10005,三灣鄉,永和村8鄰北坑12-1號,120.924283,24.637463,,,,
初色休閒農場,,10005,苑裡鎮,蕉埔里5鄰蕉埔52-3號,120.679955,24.421776,,,,
清硯休閒農場,,10005,大湖鄉,東興村下湖 50 號,120.881453,24.377512,,,,
大湖雅境休閒農場,,10005,頭份市,中正路364號,120.914709,24.687975,,,,
自家烘焙咖啡休閒農場,,10005,通霄鎮,福興里9鄰福興101之11號,120.743051,24.422300,,,,
龍煙谷山一方休閒農場,,10002,員山鄉,中華村6鄰龍賢路9號,121.668552,24.749871,,,,
東昇休閒農場(停業中),,66000,東勢區,東蘭路101號,120.824075,24.263758,,,,
月亮休閒農場(停業中),,66000,東勢區,東勢段石角小段1981-25、1981-26地號等二筆,120.815766,24.304744,https://www.flowerhome.com.tw/,,,
金喜休閒農場,,10007,二林鎮,北平里新生路569巷48弄107號,120.368958,23.914244,,,,
富盛休閒農場(甲鳥園),,10002,礁溪鄉,吳沙村開蘭路209號,121.74985,24.791094,,,,
好春好然休閒農場,,10002,員山鄉,惠好村15鄰深洲二路22號,121.737485,24.723289,https://goodspring.strikingly.com/,,,
禾豐休閒農場,,10004,關西鎮,東平里15鄰63-9號,121.162248,24.824249,,,,
水里生態休閒農場,,10008,水里鄉,玉峰村永樂巷89-5號,120.821643,23.803761,,,,
悅音阿甲休閒農場,,10004,橫山鄉,豐鄉村9鄰大山背110-6號,121.146326,24.689136,,,,
昇泰有機休閒農場,,64000,田寮區,新興村崗南路4-1號,120.355491,22.850085,,,,
育樺園休閒農場,,10002,員山鄉,逸仙村大湖山一路11號,121.694505,24.732644,,,,
金生休閒農場,,10005,頭份市,自強里10鄰中正路191號,120.910622,24.687546,,,,
苗栗縣三義鄉金達摩休閒農場,,10005,三義鄉,西湖村1鄰西湖28-6號,120.759816,24.392369,,,,
太陽好事休閒農場,,10013,潮州鎮,潮州路760號,120.555661,22.547169,,,,
萬屋休閒農場,,10013,內埔鄉,大發路265號,120.623132,22.688429,,,,
成台休閒農場,,65000,五股區,福德里19鄰工九路33之100號,121.405806,25.076353,,,,
原豐休閒農場,,65000,淡水區,忠寮里演戲埔腳12號,121.470916,25.196262,,,,
虎頭山休閒農場,,68000,桃園區,成功路三段821巷66號,121.327195,25.016734,,虎頭山環保公園,577,213
墾丁親子休閒農場(墾丁聽幸福親子民宿),,10013,恆春鎮,槺林南路135巷128號,120.730667,21.990040,,,,
松山鄉村健康生活休閒農場,,10010,民雄鄉,松山村松山村松子腳48-15號,120.474349,23.546536,,,,
長頸鹿休閒農場,,10007,埔鹽鄉,西湖村新生路建471號,120.449960,24.001080,,,,
星月秘境休閒農場,,10008,竹山鎮,中山路888號,120.705206,23.738118,,,,
鹿境休閒農場,,10013,恆春鎮,恆公路1097-1號,120.741677,22.012451,,,,
四重溪綠境休閒農場(停業中),,10013,車城鄉,四重溪段,120.747660,22.093258,,,,
上高地休閒農場,,10008,埔里鎮,小埔社段,120.952438,24.025375,,,,
烘爐地休閒農場,,65000,中和區,興南路二段399巷140之1號南山觀音寺牌樓對面,121.499313,24.973936,,,,
電光米棧休閒農場,,10014,關山鎮,電光里13鄰南興26號,121.183983,22.990193,,,,
內灣休閒農場,,10005,三灣鄉,內灣村1鄰二灣7號,120.960095,24.665972,,,,
關山鎮農會休閒農場,,10014,關山鎮,豐泉里8鄰昌林25之3號,121.16709,23.06235,,,,
宜蘭濱海休閒農場,,10002,壯圍鄉,新社村壯濱路五段296號,0,0,,,,
江陵日觀休閒農場,,68000,楊梅區,西高山頂15-2號,121.135136,24.929968,https://lihi1.cc/DP9ei,童話森林社區,544,L613
茶花湘休閒農場,,10013,內埔鄉,富田村里和路103號,120.553425,22.612597,,,,
彌陀海岸休閒農場,,64000,彌陀區,新庄路1之268號,120.245064,22.754308,,,,
圓康休閒農場,,68000,龍潭區,大平里民治十六街87巷49弄71號,0,0,https://ezgo.ardswc.gov.tw/zh-TW/Front/Agri/Detail/140,蚵間里福興宮,13102242,5031A; L602; L602A; L603; L603A; L617
三灣四季休閒農場,,10005,三灣鄉,永和村1鄰楠樹窩16號,120.943253,24.635737,,,,
寓林休閒農場,,66000,和平區,南勢段,120.888074,24.175387,,,,
九九莊園休閒農場,,10009,斗六市,十三南路65-1號,120.565462,23.743235,,,,
貓頭鷹生態休閒農場,,10005,獅潭鄉,永興村11鄰14-6號,120.926857,24.551442,https://www.dahu.com.tw/kukulu/index.html,,,
湧旺羊媽媽休閒農場(停業中),,66000,霧峰區,育德路91巷18號,120.699298,24.048953,https://www.goatmilk.com.tw/index.asp,,,
維多利亞休閒農場,,68000,桃園區,民族路669號,121.233664,24.829964,,里界,113,5049
小份尾幸福田休閒農場EUDEMON ROSE GARDEN,,64000,杉林區,司馬路202之6號,120.570381,22.995612,,,,
夢土上休閒農場,,10002,礁溪鄉,二結路8-2號,121.681931,24.784752,http://www.yilan-villa.com.tw/WebMaster/,,,
淞濤田園休閒農場,,10004,寶山鄉,寶山村9鄰通學路215巷5號,121.020513,24.736978,,,,
雅潭休閒農場,,66000,大雅區,雅潭路三段527號,120.67046,24.215154,,,,
養鹿天地休閒農場,,10008,國姓鄉,北山村中正路四段105號,120.884576,23.984316,,,,
三好休閒農場(三好竹木業),,10005,頭份市,珊湖里4鄰中正三路329號,120.962159,24.684212,,,,
彰化休閒農場(溪州公園),,10007,溪州鄉,溪州村中央路三段138號,120.496348,23.842461,https://goo.gl/5dMjRS,,,
九斗休閒農場,,68000,新屋區,九斗里五谷路205號,121.128945,24.960752,https://www.farm99.com.tw/index.html,九斗合作農場,21,T602
快樂谷休閒農場,,10008,南投市,福山里8鄰八卦路592巷27號,120.635082,23.909939,,,,
謝記休閒農場,,10002,五結鄉,協和村公園路88號,121.813665,24.678266,https://duckfarm.tw/index.php,,,
春霖休閒農場,,10010,中埔鄉,同仁村11鄰同仁163之16號,120.511109,23.407450,,,,
金門縣農業試驗所附屬休閒農場,,09020,金湖鎮,后壟31號,118.328564,24.348779,https://ari.kinmen.gov.tw/,,,
山裡生活自然休閒農場,,68000,復興區,大窩路601號,121.358972,24.838796,,蝙蝠洞,972,5107; 5107A; 5107B; 5107C
老大份休閒農場,,10004,橫山鄉,豐鄉村大山背6鄰69號,121.133387,24.687927,https://www.fbilab.org/oldman/,,,
巴登大莊園休閒農場,,10009,古坑鄉,水碓段,120.595164,23.646116,,,,
苗5線休閒農場,,10005,頭份市,文化里3鄰文化街125號,120.898964,24.698444,,,,
蘆菴休閒農場,,68000,龍潭區,上華里2鄰大順路369號,121.220815,24.853516,https://luan369.com.tw/,雙連街口,72,5044; 5048; 5049; 5051; 5055
美柏休閒農場,,10007,二林鎮,興華里7鄰東川路2-1號,120.402519,23.892173,,,,
慈恩休閒農場,,10007,二林鎮,華崙里光復路61巷41號,120.442922,23.950704,https://reurl.cc/qd6x7n,,,
蜻蜓谷休閒農場,,66000,東勢區,東坑路西盛巷60號,120.847034,24.234071,,,,
鯨魚園休閒農場(停業中),,10013,枋山鄉,善餘村竹坑30之1號,120.698676,22.157678,,,,
柏冷翠休閒農場,,66000,和平區,東關路二段11之8號,120.930113,24.176326,,,,
松圃休閒農場,,10015,新城鄉,新秀村樹林街148號,121.598167,24.043890,,,,
星錡休閒農場,,10007,永靖鄉,同仁村東畔路建238之46號,120.534639,23.929846,,,,
凡梨花休閒農場,,10002,三星鄉,大隱村大隱中路19號,121.728728,24.667138,,,,
如豐休閒農場,,10015,壽豐鄉,豐山村中山路405號,121.501150,23.856404,http://www.taiwanjade.com.tw/farm/index.html,,,
兒時記憶休閒農場,,10005,通霄鎮,烏眉里5鄰57-8號,120.710365,24.570673,,,,
金橘伴月休閒農場,,10010,番路鄉,下坑村菜公店4之6號,120.553489,23.464675,,,,
雲林綠色隧道休閒農場,,10009,古坑鄉,湳仔村湳仔48號,120.5453,23.65067,,,,
日暉休閒農場,,10014,長濱鄉,長濱村28鄰城子埔5-21號,121.462209,23.335376,,,,
上竹林休閒農場,,65000,五股區,中直路崩山巷5之6號,121.421808,25.118217,,,,
大崗山生態休閒農場,,64000,阿蓮區,,120.348787,22.867872,,,,
佳崙休閒農場,,10014,太麻里鄉,大王村15鄰佳崙75號旁,120.971183,22.635087,,,,
函園休閒農場,,10015,吉安鄉,稻香村吉豐路二段199號,121.576231,23.962881,,,,
永旺休閒農場,,10005,頭份市,上興里13鄰水源路486號,120.918289,24.665060,,,,
地球村休閒農場,,10008,國姓鄉,北港村13鄰長北路128號,120.879779,24.051990,,,,
天空小品休閒農場,,65000,淡水區,竹圍子8-10號,121.478035,25.193029,https://www.theskyland.vip/,,,
金山中角農莊休閒農場,,65000,金山區,西湖里尖山子11-12號,121.614048,25.250533,,,,
惠森自然休閒農場,,10004,北埔鄉,南坑村4鄰30號,121.046419,24.660044,https://www.wishsun.com.tw/,,,
天野青草藥園休閒農場(天野養生餐廳),,10008,竹山鎮,延正里1鄰集山路二段591-2號,120.712109,23.786464,https://www.tienyeh.com.tw/index-2.html,,,
南投休閒農場,,10008,南投市,大庄路151巷188號,120.676135,23.895088,https://www.ntf.tw/,,,
慈音山莊休閒農場,,63000,文山區,老泉街26巷11-2號,121.566256,24.966229,https://www.ciyin29375256.com/,慈音山莊,71,小11
綠朵休閒農場,,66000,龍井區,台灣大道六段85號,0,0,http://www.greendoor.com.tw/,,,
鄉村休閒農場,,63000,內湖區,大湖街206號,121.609038,25.103160,,大邱田,276,小3
水岸森林休閒農場,,10002,冬山鄉,柯林村柯林新路90號,121.731884,24.683784,https://www.river-forest.com.tw/,,,
山水居休閒農場,,10005,大湖鄉,栗林村內雙坑13鄰5-3號,120.832068,24.378284,,,,
鹽讚休閒農場,,10009,林內鄉,烏塗村鹽讚42號之6號,120.588491,23.764255,,,,
見望村親子休閒農場,,10002,大同鄉,寒溪村華興巷48之1號,121.674025,24.636644,,,,
稻庄休閒農場,,10002,三星鄉,人和村福和路71巷16號,121.631162,24.673867,,,,
小木屋休閒農場,,68000,蘆竹區,坑子村貓尾崎12鄰1-6號,121.344692,25.081659,https://ezgo.ardswc.gov.tw/zh-TW/Front/Agri/Detail/1365,愛民,608,5071; 5071B
翩翩泰安休閒農場,,10005,泰安鄉,錦水村圓墩86之6號,120.93575,24.47009,https://www.ppta.com.tw/,,,
張媽媽休閒農場(停業中),,64000,大樹區,興田路116-1號,120.448126,22.747174,https://www.mama-chang.com/,,,
想想山休閒農場,,10004,新埔鎮,北平里10鄰大平窩89之7號,121.085086,24.847149,,,,
沐涵軒休閒農場,,10013,高樹鄉,舊寮村10鄰萬興路39號,120.631072,22.848369,,,,
詹園品田生態休閒農場,,10008,鹿谷鄉,瑞田村仁愛路23-8號,120.810213,23.811251,,,,
苗栗縣三義鄉新光樂活休閒農場,,10005,三義鄉,西湖村八櫃8-8號,120.769916,24.376398,,,,
星星休閒農場(停業中),,66000,東勢區,東勢段石角小段1981、1981-24地號等二筆,120.756966,24.242220,,,,
悠然休閒農場,,10005,大湖鄉,栗林村6鄰四份17-2號,120.849760,24.380795,,,,
森十八休閒農場,,10008,名間鄉,田仔村田仔巷16-8號,120.675194,23.864652,,,,
大頭目知本溫泉休閒農場,,10014,卑南鄉,溫泉村32鄰樂山169號,121.018366,22.683817,,,,
杏花林休閒農場,,63000,文山區,老泉街45巷30號,121.576574,24.968980,,杏花林(老泉里),25,貓空右線
豚之林休閒農場,,10013,南州鄉,壽元村大同路69-180號,120.542014,22.484228,,,,
大吾疆莊園休閒農場(皇家薇庭),,68000,桃園區,莊敬路二段369號,121.287625,25.018807,,銀店埤,158,L111
小人國休閒農場(ARCADIA覓秘午憩),,68000,龍潭區,高原路980號,121.192854,24.829677,,高原,55,5653
葵扇湖休閒農場,,65000,金山區,兩湖里2鄰葵扇湖18號之6,121.590049,25.229362,https://www.lakesunflower.com.tw/,,,
路易十四莊園休閒農場,,10014,池上鄉,新興村東欣路268巷1號,0,0,,,,
康田休閒農場,,68000,大溪區,瑞源里落羽松路100號,121.256832,24.870738,,配銷所,203,5044; 5050; 5056; 725
文良休閒農場,,10017,七堵區,大同街60之1號,121.681137,25.139923,,,,
山上種樹牛樟森林休閒農場,,10005,大湖鄉,義合村南昌路41號,120.878513,24.397270,https://grow-tree.com/,,,
中崙漁業休閒農場,,10002,頭城鎮,三和路643巷46號,121.803854,24.827930,,,,
泉園休閒農場,,68000,蘆竹區,坑口里小古山路183號,121.284728,25.108567,,出水坑,923,5020
好農村休閒農場,,10005,大湖鄉,栗林村薑麻園10號,120.829257,24.386302,,,,
七口灶休閒農場,,10008,草屯鎮,坪頂里股坑巷13之88號,120.733416,23.955249,,,,
石門客棧休閒農場,,10005,大湖鄉,栗林村竹橋20號,120.844888,24.363310,,,,
陽明休閒農場,,65000,金山區,重和里13鄰磺溪頭16之2號,0,0,,,,
東風有機休閒農場(東風綠活 Oriental Green),,10002,冬山鄉,中山村中山路769號,121.730440,24.618304,https://orientalgreenofficial.com/,,,
石門森林休閒農場,,68000,大溪區,三層段阿姆坪小段,121.309036,24.816451,,阿姆坪碼頭,66,5099; 5099A
貝林古堡休閒農場,,10007,埤頭鄉,斗苑東路1之68號,120.501051,23.878225,,,,
比來特區生態休閒農場,,10004,五峰鄉,花園村比來69-18號,121.125165,24.681084,,,,
二崎生態休閒農場,,63000,北投區,大屯里復興三路355巷39號,121.498798,25.154717,,大彎,208,小6
巧克力雲莊休閒農場,,10005,大湖鄉,富興村水尾坪49-2號,120.877111,24.448558,,,,
鳳梨屋休閒農場,,10002,員山鄉,中華村15鄰長嶺路195號,121.608213,24.701593,https://lin.ee/G7Z8W6T,,,
耕堡休閒農場(停業中),,10002,三星鄉,三星路八段238巷長埤68號,121.607980,24.642388,,,,
侑橘休閒農場,,10005,三灣鄉,永和村8鄰北坑12-1號,120.935569,24.649474,,,,
青青休閒農場(蘭陽青青馬場),,10002,三星鄉,尚貴路二段25號,121.68683,24.68835,,,,
興民休閒農場,,10005,通霄鎮,福興里3鄰29之6號,120.743705,24.426774,,,,
仁安居生態休閒農場,,10004,關西鎮,中豐路二段322巷3號,121.185761,24.802421,,,,
碧海星辰休閒農場,,10014,臺東市,松江路二段808號富岡里,121.189649,22.818667,,,,
大山背休閒農場,,10004,橫山鄉,豐鄉村大山背5 鄰 52 號,121.144777,24.695594,,,,
上庄休閒農場,,10013,高樹鄉,高樹村4鄰豐源路7號,120.606430,22.824981,,,,
永和山古厝休閒農場,,10005,三灣鄉,永和村9鄰20-1號,120.924522,24.637164,,,,
永齡有機休閒農場(永齡農場),,64000,杉林區,上平里山仙路288號,120.542815,22.977307,https://www.yonglinfarm.com.tw/,,,
柏泰園休閒農場,,63000,北投區,立賢路 77 號,121.500990,25.114661,https://goo.gl/GTJMxS,北投垃圾焚化廠,145,550
亮山川休閒農場(亮山川景觀休閒園區),,65000,萬里區,內中福1之3號,121.67077,25.16502,,,,
綠世界休閒農場,,10004,北埔鄉,大湖村7鄰20號,121.071096,24.698810,https://www.green-world.com.tw,,,
海園教育休閒農場,,65000,石門區,海園路38號,121.558549,25.291073,,,,
香草星空休閒農場,,10002,五結鄉,大眾五路310號,121.821321,24.698501,https://039600123.hi-bnb.com/,,,
河堤休閒農場(河堤番茄園),,64000,美濃區,福安街15巷15之1號,120.527315,22.894995,,,,
大花玫瑰休閒農場(大花農場),Grand Blossom Recreation Rose Farm(大花玫瑰休閒農場),10013,九如鄉,九如路一段2-88號,120.491652,22.708660,https://f88.myorganic.org.tw/,,,
正統休閒農場,,10002,三星鄉,大隱村大隱8路283號,121.714036,24.664556,,,,
立川漁場休閒農場,,10015,壽豐鄉,共和村魚池45號,121.522179,23.864725,https://www.lichuan.tw/,,,
海賊庄休閒農場,,10010,新港鄉,南港村117-69號,0,0,https://www.twpvillage.com/,,,
仰山休閒農場,,10013,高樹鄉,舊寮村10鄰萬興路33號,120.629314,22.851021,,,,
大團園休閒農場,,65000,深坑區,阿柔里阿柔洋25-1號,121.612998,24.999059,,,,
幻日休閒農場,,66000,清水區,美堤街126號,120.549387,24.307815,,,,
五福畊讀休閒農場(停業中),,66000,東勢區,慶福街16號,120.855145,24.193189,http://www.softpond.com.tw/index.html,,,
大古山休閒農場,,68000,蘆竹區,大古路228號,0,0,,蚵間里福興宮,13102242,5031A; L602; L602A; L603; L603A; L617
樂農發休閒農場,,10007,埤頭鄉,崙腳村8鄰和平路350號,120.468800,23.883572,,,,
士嫻休閒農場,,10013,春日鄉,古華村古華路3巷69號,120.626764,22.359377,,,,
乾坤有機生態休閒農場,,10013,萬巒鄉,新厝村沿山路一段250巷66號,120.628416,22.559612,https://sites.google.com/site/youjiguoyuanceshi/,,,
千郁休閒農場,,68000,蘆竹區,坑子里八德二路288號,121.339338,25.069672,,茶工廠,91,5069
卑南休閒農場,,10014,臺東市,永安街180巷38弄16號,121.123541,22.783393,http://www.villegreensward.com/,,,
長屋休閒農場,,10005,通霄鎮,福興里88之8號,120.743351,24.423971,https://www.longhouse.com.tw/,,,
欣隆休閒農場,,10008,草屯鎮,南埔里青宅巷35之21號,120.735897,23.978953,https://www.senlon.com.tw/abouts.php?id=1,,,
雲科生態休閒農場,,10009,斗六市,大學路二段273巷67號,120.548424,23.697978,https://www.winfarm.com,,,
蕃婆林休閒農場,,65000,三芝區,錫板里17鄰44號,121.494370,25.237845,https://fplfarm.web.fc2.com/,,,
士文自然休閒農場,,10013,春日鄉,士文村士文路52-2號,120.651276,22.361328,https://goo.gl/hi7Lrr,,,
北關休閒農場(馥森·淨饍食養),,10002,頭城鎮,更新路203-1號,121.868334,24.912128,https://www.peikuanfarm.com.tw/,,,
兆麗休閒農場(停業中),,10010,番路鄉,9號,120.554545,23.453325,,,,
山美休閒農場,,10010,阿里山鄉,山美村1鄰山美1-3號,120.654495,23.406841,,,,
桐德休閒農場,,10013,新埤鄉,箕湖村10鄰進化路12-60號,120.614551,22.448079,,,,
陽榮休閒農場,,68000,大園區,華興路二段2號,121.198595,25.048184,,頂莊,26,5081C
水鏡農莊休閒農場,,10008,名間鄉,新街村客庄巷17-6號,120.700261,23.876109,,,,
新社蓮園休閒農場,,66000,新社區,東興里東湖街一段39號,120.819547,24.214072,,,,
新光兆豐休閒農場,Shin Kong Chao Feng Ranch & Resort(新光兆豐休閒農場),10015,鳳林鎮,永福街20號,121.463041,23.802004,https://www.skcf.com.tw/,,,
豐田休閒農場,,68000,蘆竹區,坑子里山林路三段332巷51弄22號,121.324412,25.078311,,公田,37,5071; 5071A
薰衣草森林休閒農場（薰衣草森林台中新社園區）,,66000,新社區,中興街20號,120.841330,24.128493,https://www.lavendercottage.com.tw/,,,
陳家休閒農場,,10004,新埔鎮,照門里九芎湖6鄰29號,121.105449,24.862395,,,,
清林園林休閒農場,,10002,礁溪鄉,礁溪鄉二龍村淇武蘭路111之8號,121.786709,24.812778,,,,
傳奇教育休閒農場,,10013,南州鄉,溪南村人和路1 巷266 號,120.511351,22.485229,,,,
水秀休閒農場,,10008,國姓鄉,北港村長長北路61之3號(台21線24K又300公尺處，國姓鄉段),120.895529,24.061356,,,,
葵海休閒農場,,66000,大甲區,西歧里如意路33巷50號,120.617180,24.421519,https://www.artisans.com.tw,,,
千巧谷牛樂園休閒農場,,10009,崙背鄉,東興182之32號,120.367152,23.758908,https://www.chanchauku.com/,,,
月桃香休閒農場,,10008,中寮鄉,內城村10鄰月桃巷81-1號,120.788391,23.954489,https://ezgo.ardswc.gov.tw/zh-TW/Front/Agri/Detail/2263,,,
十份崠休閒農場,,10005,銅鑼鄉,新隆村20鄰219號,120.840383,24.408144,,,,
大山休閒農場,,10007,花壇鄉,灣東村灣福路60巷13弄13號,120.587909,24.037679,,,,
沐雨鍾林生態心靈休閒農場,,10013,潮州鎮,潮義路465巷52號,120.574726,22.542991,,,,
好樂農莊休閒農場,,66000,東勢區,慶福街77之3號,120.841015,24.191967,http://happyfarm.brightideas.com.tw/?fbclid=IwY2xjawIae3RleHRuA2FlbQIxMAABHdGv5PD2i0Lfd-Zn2i5NTI8ho3Gwhbztd9t6E1J7eyWEqjNsUDLsac_O7w_aem_fFkIsvAO6m67-JrLOHn8hA,,,
日月滿休閒農場,,63000,士林區,平等里平菁街150號,121.571584,25.121713,,大坪尾,166,303
老泉養生休閒農場,,63000,文山區,老泉街26巷12號,121.568136,24.970621,,大春山莊,354,小11
金峰園藝休閒農場,,10005,卓蘭鎮,西坪里43號,120.825487,24.311304,,,,
湖櫻養生休閒農場,,10005,西湖鄉,金獅村8鄰杜石地10號,120.781291,24.55636,,,,
準休閒農場,,65000,五股區,新五路二段70號,121.437308,25.073416,https://www.wugu-farm.com.tw,,,
樺音山莊休閒農場,,68000,復興區,三民里基國派路162巷230號,121.341548,24.833305,,王厝,525,5107; 5107B; 5107C; F906
築夢山城休閒農場(尖石築夢山城),,10004,尖石鄉,義興村9鄰馬胎168號,121.176946,24.671959,,,,
農友種苗休閒農場,,64000,大樹區,竹寮路114-6號,120.425949,22.661066,https://www.knownyou.com/tw/,,,
文山休閒農場,,66000,大里區,健東路123號,120.724347,24.084441,http://www.wfarm.com.tw/?fbclid=IwY2xjawIbrw1leHRuA2FlbQIxMAABHeHgXuqwKPFGDj873qYXNKYIS8kXR50yMmmJNFz5SQW6EGvd0u-5VvjDRA_aem_JLyQA_gkP4V6I_ViaRZGig,,,
牧蜂休閒農場,,65000,三芝區,茂長里9鄰74號,121.510840,25.259339,https://www.move-bee.com,,,
中原世紀休閒農場,,10013,萬丹鄉,竹林村竹圍街160巷59號,120.510015,22.610850,,,,
藍鵲休閒農場,,10005,通霄鎮,南和里113-7號,120.721663,24.446608,https://bmr.bluemagpie.com.tw/,,,
阿里山咖啡休閒農場(鄒築園咖啡),,10010,阿里山鄉,鄒築園咖啡,120.713440,23.467946,,,,
福爾摩莎可可休閒農場,,10013,內埔鄉,東勢村38鄰大同路三段榮和巷80號,120.576813,22.650532,https://www.cacaofarm.com.tw/,,,
雙溪平林休閒農場,,65000,雙溪區,平林里外平林35號,121.841379,25.034437,,,,
慈心大自然休閒農場,,10009,古坑鄉,麻園村東耕22號,120.535523,23.640622,,,,
日月山景休閒農場,,10007,彰化市,石牌里水月台路218號,120.587002,24.056196,,,,
角宿休閒農場,,64000,燕巢區,義大路65號(南角宿段222地號),120.366855,22.765693,,,,
竹湖山居自然生態休閒農場,,10014,長濱鄉,台東縣竹湖村移民路1鄰41號,121.419611,23.302729,https://www.juhu.com.tw/,,,
好農丘休閒農場,,66000,東勢區,中嵙里東崎路三段688巷118號,120.857104,24.271217,,,,
古早雞休閒農場(古早雞傳統米食),,10007,芬園鄉,彰南路五段451巷36號,120.620892,24.036646,,,,
花自在休閒農場,,10005,卓蘭鎮,西坪里4鄰37-2號,120.888072,24.378871,,,,
平溪松苑休閒農場,,65000,平溪區,靜安路三段66號,121.764706,25.032460,,,,
金崙休閒農場,,10014,太麻里鄉,金崙村溫泉28號,120.951812,22.531485,,,,
愛蓮莊休閒農場(整修中暫不對外開放),,10007,員林市,大饒路803巷385號,120.583797,23.931757,,,,
嶺海山林休閒農場,,10004,尖石鄉,新樂村煤源10鄰145-1號,121.263421,24.706798,https://www.d-sky.com.tw/,,,
八分田休閒農場,,10002,三星鄉,楓林一路227號,121.659855,24.684135,,,,
溫馨休閒農場(溫馨農場),,10005,三義鄉,雙潭村16鄰崩山下38之10號,120.817416,24.387370,,,,
仁愛休閒農場,,10009,林內鄉,林中村仁愛路55之3號,120.607234,23.769587,,,,
麗野莊園休閒農場,,10002,宜蘭市,黎明一路88號,121.780252,24.741872,,,,
竹峰茗茶休閒農場,,68000,蘆竹區,坑子里12鄰貓尾崎1號,121.346805,25.082460,https://ezgo.ardswc.gov.tw/zh-TW/Front/Agri/Detail/2936,井仔厝,661,5069; 5071; 5071B
銘珠園休閒農場,,66000,北屯區,軍功路二段633號,0,0,,,,
金椿休閒農場(金椿茶油工坊),,10005,竹南鎮,永和村三鄰石馬店18-3號,120.928402,24.640535,,,,
楊桃園休閒農場,,10007,花壇鄉,灣東村灣福路221巷5號,120.579227,24.046427,,,,
艾米達精靈谷休閒農場,,10013,新埤鄉,箕湖村民眾路2-77號,120.595475,22.468996,,,,
桃蘆坑休閒農場,,68000,蘆竹區,山林路三段855-1號,121.332300,25.078933,,土地公口,65,5071; 5071B
老官道休閒農場,,10005,大湖鄉,新開村5鄰12-1號,120.832014,24.347409,,,,
大武山休閒農場,,10013,泰武鄉,武潭村老潭巷40號,120.651265,22.572646,,,,
微笑灣休閒農場,,10002,頭城鎮,仙公路180巷50號,121.825633,24.878144,,,,
頂埔休閒農場,,65000,土城區,中央路四段67巷(大暖坑8-1號)進大暖坑福德祠,0,0,,,,
尖石薰衣草森林休閒農場,,10004,尖石鄉,嘉樂村嘉樂129號,121.227015,24.729611,,,,
王老先生休閒農場,,10002,三星鄉,萬富七路76號,121.675267,24.681156,,,,
和華園休閒農場,,10013,萬巒鄉,五溝村12鄰東興路66之1號,120.605494,22.594464,,,,
綠谷休閒農場,,10017,七堵區,瑪陵坑華新二路80號,121.665462,25.120361,,,,
松竹園休閒農場,,66000,太平區,汴里北田路323巷39號,120.787125,24.155016,,,,
謙謹休閒農場,,10015,富里鄉,羅山村16鄰羅山5之5號,121.274514,23.198357,,,,
櫻之采休閒農場(蜜滋賀溫泉飯店),,10015,瑞穗鄉,瑞祥村溫泉一街17號,121.370677,23.491155,,,,
大茉莉休閒農場,,10013,里港鄉,載興村16鄰載南路19巷12弄20號,120.545211,22.776617,,,,
礁溪休閒農業有限公司休閒農場,,10002,礁溪鄉,大忠村17鄰五峰路70巷50號,121.755286,24.829952,,,,
蘭野星空休閒農場(日光蘭野),,10002,冬山鄉,進利路500號,121.699246,24.640776,,,,
石壁休閒農場,,10009,古坑鄉,草嶺村草嶺81之18 號,120.715526,23.610662,,,,
心禾園休閒農場,,66000,東勢區,慶福里9鄰東關路4段528號,120.848986,24.163675,,,,
想夢蘭休閒農場,,10005,後龍鎮,福寧里頭湖6-2號,120.763855,24.587617,,,,
龍子泉休閒農場(龍子泉美饌會館),,10013,南州鄉,壽元村1鄰大同路69號,120.540683,22.486964,,,,
棗稻田休閒農場,,10002,員山鄉,員山路二段172巷17號,121.710223,24.726446,https://jaodaotian.com/,,,
龍雲休閒農場,,10010,竹崎鄉,中和村石棹1號,120.703601,23.487219,https://www.long-yun.com.tw/,,,
台灣金石咖啡休閒農場,,10013,萬巒鄉,赤山村沿山路1段500號,120.617113,22.584913,,,,
全一休閒農場,,66000,太平區,北田路283號,120.769502,24.138582,,,,
金葉山莊休閒農場,,10005,卓蘭鎮,上新里四鄰大仁街29號,120.833216,24.303473,,,,
心鮮森林休閒農場(小森之歌),,10004,芎林鄉,新鳳村1鄰倒別牛23號,121.105685,24.770915,,,,
福康休閒農場,,10005,三灣鄉,永和村石馬店18-2號,120.927787,24.640634,,,,
佳芳休閒農場,,10014,卑南鄉,明峰村牧場72之4號,121.108024,22.857203,https://www.taiwan-tea.net/,,,
枋寮巧茵山休閒農場,,10013,枋寮鄉,太源村中山路三段123號,120.581971,22.421119,https://cocosun.com.tw/,,,
飛牛牧場休閒農場,Flying Cow Ranch(飛牛牧場休閒農場),10005,通霄鎮,南和里 166 號,120.741294,24.441267,https://www.flyingcow.com.tw/,,,
五柳園休閒農場,,10020,東區,盧厝里8鄰盧厝44之13號,120.488777,23.489698,https://www.wuliufarm.com,,,
九湖森林休閒農場（銅鑼茶廠）,,10005,銅鑼鄉,九湖村九湖132-16號,120.772125,24.471437,https://www.tongluotea.com,,,
展壯台大休閒農場,,10007,大村鄉,大橋村中山路三段137號,120.558768,23.996891,https://www.taidaorchids.com.tw,,,
新美休閒農場,,10005,大湖鄉,薑麻園10鄰8號,120.825907,24.383674,https://www.miaolifun.com.tw/index.php?menu=21&id=6579,,,
小路休閒農場,,66000,新社區,崑山里食水嵙6-2號,0,0,http://www.nalu.com.tw/index.htm,,,
根源自然生態休閒農場,,10013,恆春鎮,省北路二段 568 號,120.724055,22.051521,,,,
雙福休閒農場,,10007,芬園鄉,舊社村彰南路五段726號,120.622874,24.041359,https://goo.gl/C3brqL,,,
傑安美桔園休閒農場,,10005,三灣鄉,永和村八鄰北坑2之6號,120.928874,24.650606,,,,
菁芩休閒農場,,10007,溪州鄉,成功村庒北巷７號,120.549588,23.833167,,,,
臺灣漢寶園休閒農場,,10007,芳苑鄉,大同二路507 號,120.360246,24.007110,,,,
金車生物頭城造林園區休閒農場,,10002,頭城鎮,外澳里石空路102號,121.836048,24.883097,,,,
水月休閒農場(水悅莊園),,68000,中壢區,三民里大享街218號,121.191717,24.972983,,中大湖,342,133; 133A; 173
柚園生態休閒農場,,10013,麟洛鄉,新田村16鄰民族路453-2號,120.555038,22.665779,https://yoyuan.blogspot.tw/,,,
阿信巧克力休閒農場,,10013,恆春鎮,山海里萬里路27之8號,120.704835,21.997352,https://www.taiwanchoco.com.tw,,,
雅育休閒農場,,10007,大村鄉,貢旗村旗興路二段328號,120.535646,23.985128,,,,
北新有機休閒農場,,65000,淡水區,忠寮里7鄰演戲埔腳13號,121.475968,25.193156,,,,
一畝田琉璃仙境休閒農場,,10007,員林市,香山路87-11號,120.581321,23.941712,https://www.colorglass8711.com/,,,
中華民國農會休閒綜合農牧場休閒農場,,66000,外埔區,二崁路700號,120.620454,24.329302,https://www.farmer.org.tw/tpfarf.aspx,,,
戀戀空港灣休閒農場,,68000,蘆竹區,坑口里小古山路183-1號,121.285425,25.108111,,出水坑,961,5020
鳶山花花世界休閒農場,,65000,三峽區,中山路833號,121.349537,24.933336,,,,
綺美休閒農場,,10005,卓蘭鎮,西坪里3鄰西坪36之32號,120.824923,24.328730,,,,
微笑休閒農場,,66000,東勢區,東崎路三段175巷28號,120.872042,24.257948,,,,
大漢山休閒農場,,10013,春日鄉,春日村春日路67號,120.648379,22.389682,,,,
熊空森林休閒農場,,65000,三峽區,竹崙路238號,121.462392,24.878502,https://www.he-xu.com.tw/,,,
新北市農會文山休閒農場,,65000,新店區,湖子內路100號,121.541040,24.933441,https://www.wsfa.com.tw/,,,
大丘園休閒農場,,10007,二水鄉,大園村員集路二段442號,120.640419,23.803427,https://dcy1688.twowater.com.tw/websitesub/contact,,,
507高地美健休閒農場,,10005,卓蘭鎮,西坪里西坪134之10號,120.786668,24.333454,,,,
走馬瀨休閒農場,,67000,大內區,二溪里唭子瓦60號,120.418478,23.122445,https://www.farm.com.tw,其子瓦(舊社1),110,橘21
南元休閒農場,,67000,柳營區,果毅里南湖25號,120.378579,23.240099,https://www.nanyuanfarm.com.tw/,南元農場,262,黃2
山板樵休閒農場,,10005,三義鄉,雙潭村雙連潭138號,120.777725,24.404472,https://www.sbch.com.tw/,,,
地熱米休閒農場,,10002,三星鄉,三星路七段89號,121.627293,24.661897,https://www.7-11k.tw,,,
關子嶺開心休閒農場,,67000,白河區,關嶺里8鄰南寮19之16號,120.495783,23.322287,http://www.happyfarm.url.tw/index.html,坪頂三龍宮,359,黃12-1
大安休閒農場(預約制),,66000,大安區,中庄里中海路151號,120.573656,24.356496,,,,
咱兜休閒農場,,10008,名間鄉,三崙村19鄰弓鞋巷23-16號,120.622898,23.848712,,,,
美村休閒農場,,10002,五結鄉,大吉村大吉一路269號,121.803309,24.699739,,,,
水長流生態休閒農場,,10008,國姓鄉,長福村長雙巷40號,120.88152,24.08037,,,,
南園清心園林休閒農場,,10004,新埔鎮,照門里九芎湖路32號,121.104252,24.868008,https://nanyuan.theonestyle.com,,,
櫻花溫泉休閒農場,,10002,大同鄉,復興村泰雅一路73號,121.605295,24.633764,,,,
石圍墻休閒農場,,10005,公館鄉,福基村6鄰143-3號,120.818308,24.477088,https://mypaper.pchome.com.tw/kmf230599aw,,,
希望之丘休閒農場,,10002,冬山鄉,小埤五路331號,121.724610,24.633642,,,,
君達休閒農場,,10015,吉安鄉,干城二街95-1號,121.544413,23.945835,https://www.yinsherb.com.tw,,,
庄腳所在休閒農場,,10002,員山鄉,枕山村坡城路69-9號,121.695116,24.78086,https://elfland.org.tw/%E5%BA%84%E8%85%B3%E6%89%80%E5%9C%A8/,,,
獨角仙休閒農場,,10010,中埔鄉,石硦村15鄰石硦45號,120.549259,23.415127,https://www.dgc.com.tw/home,,,
大富休閒農場,,65000,汐止區,汐平路2段（北31）約7.9公里處,121.592745,25.083738,,,,
蜜蜂故事館休閒農場,,10009,古坑鄉,湳子路88號,0,0,https://www.honeymuseum.com/,,,
富田香草休閒農場,,68000,大溪區,福安里頭寮一路29巷59號,121.284528,24.839922,https://www.tomita.com.tw/,頭寮城,326,5097
集元果觀光休閒農場(jijibanana集元果觀光工廠),,10008,集集鎮,富山里大坪巷38號,120.814269,23.825061,https://www.jijibanana.net/,,,
春田窯休閒農場,,10005,三義鄉,雙潭村大坪7號,120.799190,24.409357,https://www.springkiln.com.tw/index.php?route=common/home,,,
日月潭日月山莊休閒農場-HOHOCHA喝喝茶,,10008,魚池鄉,魚池街443-36號,120.934018,23.897168,https://www.hohocha.com/,,,
鄉野沐田休閒農場,,10002,員山鄉,八甲路15之16號,121.704054,24.728800,,,,
金明昌休閒農場,,10017,七堵區,大華二路162之1號,121.688615,25.111277,,,,
芝林莊園休閒農場,,10013,內埔鄉,建興路218巷2號,120.564786,22.661938,,,,
雲之谷生態休閒農場,,64000,田寮區,新興村崗南路4號,120.358143,22.848035,,,,
劍門生態花果園休閒農場,,10007,大村鄉,茄苳村茄苳路2段143巷72號,120.535469,24.009967,,,,
新社莊園休閒農場,,66000,新社區,協成里協中街23號,120.813346,24.188081,https://www.summit-resort.com,,,
百勝村休閒農場,,10008,國姓鄉,北港村國姓路87-9號,120.908699,24.053683,https://www.baishengcun.com.tw/,,,
杉林松境休閒農場,,10005,南庄鄉,東河村12鄰橫屏背26號,121.041339,24.615121,,,,
穎達生態休閒農場,,10013,萬巒鄉,成德村新安路52號,120.627565,22.645423,,,,
稻香休閒農場,,10007,埔鹽鄉,埔鹽村彰水路2段169巷23號,120.476224,24.003170,,,,
斑比山丘休閒農場,,10002,冬山鄉,德安村下湖路285號,121.743267,24.646871,https://www.bambiland.com.tw/,,,
吉園休閒農場,,67000,麻豆區,南勢里總爺104-1號,120.270826,23.187421,,麻豆總爺護理之家,322,橘10-1
四角林咖啡莊園休閒農場,,66000,東勢區,勢林街1號,120.888233,24.289296,https://www.tcfarmers.org.tw/sijiaolin.php,,,
趣漫步休閒農場,,10013,恆春鎮,水泉里12鄰樹林路1之10號,120.71338,21.94247,,,,
埔里春天休閒農場,,10008,埔里鎮,中山路一段188號,120.991881,23.978820,,,,
福灣莊園休閒農場,,10013,東港鎮,大鵬里10鄰大鵬路100號,120.482443,22.458446,https://www.fuwanshop.com/,,,
石頭公園生態休閒農場,,66000,外埔區,廍子里廍子路108號,120.676432,24.354006,,,,
頭城休閒農場,Toucheng Leisure Farm(頭城休閒農場),10002,頭城鎮,更新路125-1號,121.849468,24.907147,https://www.tcfarm.com.tw/,,,
福田園教育休閒農場,,63000,士林區,菁山路131巷18號,121.568367,25.144520,,衛星電台,340,303
向陽休閒農場,,68000,觀音區,藍埔里11鄰52號,121.111642,25.007832,http://www.sun-green.com.tw/,向陽農場,124,T518
大溪花海休閒農場,,68000,大溪區,復興路一段1093巷29號,121.291208,24.842320,https://www.tasheeblmn.com.tw/index.php?lang=tw,慈湖,201,501; 502; 506
枋山休閒農場,,10013,枋山鄉,國中路3號,120.661050,22.263343,,,,
東遊季休閒農場(東遊季養生美食餐館),,10014,卑南鄉,溫泉村溫泉路376巷18號,121.019704,22.696209,https://www.toyugi.com.tw/,,,
向禾休閒農場(向禾休閒漁場),,10010,東石鄉,鰲鼓村12鄰四股67之6號,120.148785,23.507773,http://www.aogu.com.tw/index.php,,,
老爹生態教育休閒農場,,10010,中埔鄉,深坑村內灣2鄰9-1號,120.451601,23.399244,,,,
花與綠休閒農場,,10008,南投市,彰南路1段1巷100弄12號,120.68486,23.88206,,,,
富興休閒農場,,10015,瑞穗鄉,富興村8鄰富興73之1號,121.386929,23.583722,,,,
隆泉莊園休閒農場(停業中),,68000,龍潭區,佳安里4鄰淮子埔路138巷58-1號,121.244087,24.855522,,文化路717巷口,684,5044; 5050; 5056; 725
大丹休閒農場(停業中),,10004,新埔鎮,汶水坑132-1號,121.142573,24.867040,,,,
米棧壹零捌休閒農場,,10015,壽豐鄉,月眉村1鄰月眉六段19之15號,121.537438,23.836807,,,,
蘇家莊園休閒農場,,68000,大溪區,福安里3鄰復興路一段997號,121.288385,24.841902,,草嶺,83,5090; 5091; 5093; 5094; 5099; 5104; 5104A; 5104B; 5105; 5106; 5106A; 5106B; 5107; 5107A; 5107C; 5109
壹甲田休閒農場,,10005,三義鄉,雙潭村15鄰崩山下32之5號,120.810039,24.384159,,,,
沐麓休閒農場,,10013,恆春鎮,大光里9鄰貓鼻頭路101號,120.740194,21.929886,,,,
亞馬遜生態休閒農場(停業中),,10013,恆春鎮,山腳里恒南路3之1號,120.745497,21.985085,,,,
碧候休閒農場,,10002,南澳鄉,金岳村金岳路190號,121.779024,24.474967,,,,
森密境休閒農場,,65000,三峽區,有木里106之8號,121.436493,24.863882,,,,
莫內花園休閒農場,,10002,五結鄉,大吉村1鄰大吉一路79號,121.801021,24.690481,,,,
淡水小奈良休閒農場,,65000,淡水區,屯山里石頭厝3號之8,121.458237,25.234053,,,,
揚昊休閒農場,,10005,苑裡鎮,蕉埔里蕉埔86之7號,120.735021,24.405753,,,,
海灣星空休閒農場,,68000,蘆竹區,小古山路38號,121.290704,25.102879,https://cool2horse.com.tw/,蘆竹老人長期照顧中心,1479,L309; L309A; L309B
龍潭快樂休閒農場,,68000,龍潭區,成功路377巷46弄155-1號,121.227737,24.883689,,伯公下,209,5645; 5672
臺南鴨莊休閒農場,,67000,官田區,渡拔里三塊厝178-1號,120.338286,23.173516,https://www.tainanduckfarm.com.tw/,渡子頭,55,橘4
福至軒休閒農場,,10013,九如鄉,九明村14鄰九明街126號,120.480870,22.727629,,,,
悠田休閒農場,,10013,內埔鄉,水門村11鄰忠孝路280號,120.639175,22.705293,,,,
快樂町休閒農場,,10013,恆春鎮,南灣里13鄰南光路8號,120.755651,21.970079,,,,
甲仙印象之丘休閒農場,,64000,甲仙區,西安里和南巷97號,120.588350,23.0727,,,,
山籟休閒農場,,10005,大湖鄉,栗林村內雙坑5號,120.833693,24.373984,,,,
春波綠休閒農場,,10010,新港鄉,南港村4鄰南港117之120號,120.313279,23.553785,,,,
蘭欣辣汗花果休閒農場(田媽媽蘭欣食坊),,10013,枋寮鄉,中正大路666-8號,120.602304,22.375536,https://www.lansin-villa.tw/,,,
曦之麗休閒農場,,68000,楊梅區,楊梅照門道路,121.147664,24.887924,,八方園餐廳,767,L615
麟山鼻休閒農場,,65000,石門區,下員坑15號,121.521283,25.27841,,,,
劉文順休閒農場,,10009,古坑鄉,桂林村1鄰桂林1-60號,120.606642,23.613065,,,,
觀山休閒農場,,10013,枋寮鄉,隆山村24鄰隆山路287號,120.602997,22.366827,,,,
烏樹林休閒農場(烏樹林從前從前)(停業中),,68000,龍潭區,龍平路115巷138弄76號,121.218167,24.889357,,魏家祠堂,418,L723
雲頂休閒農場(停業中),,68000,龍潭區,楊銅路二段562巷120號,121.189043,24.865763,,梅龍路,1201,L716
香草山樂齡休閒農場(停業中),,10010,民雄鄉,豐收村15鄰好收1之52號,120.458398,23.571017,https://www.dreamaa.com/,,,
秀芳園休閒農場,,10015,新城鄉,康樂村1鄰康樂路7、7-1號,121.602995,24.041247,,,,
學橋教育休閒農場(停業中),,10013,內埔鄉,隘寮村4鄰清涼路一段148號,120.622091,22.692250,,,,
大鴕家觀光休閒農場(停業中),,10013,鹽埔鄉,鹽中村民富路86號,120.586667,22.745512,https://www.mollom.com.tw/,,,
石板屋休閒農場,,10013,瑪家鄉,佳義村泰平巷5-28號,120.631128,22.653527,,,,
勝洋休閒農場,,10002,員山鄉,八甲路15-6號,121.705406,24.727986,,,,
東螺溪休閒農場,,10007,二林鎮,二溪路七段2巷臨1201號,120.412509,23.995178,https://www.dongluo.com.tw,,,
廣興休閒農場,,10002,冬山鄉,柯林村光華三路132巷12號,121.734287,24.683837,https://test.pigs.com.tw/,,,
阿里磅生態休閒農場,,65000,石門區,阿里磅84號,121.583295,25.264314,https://www.albeecofarm.com/,,,
武岫休閒農場,,10008,鹿谷鄉,竹林村田頭巷35-66號,120.761123,23.718824,http://www.wuxiu.com.tw/,,,
台一生態休閒農場,,10008,埔里鎮,中山路一段176號,121.006338,23.978067,https://www.taiifarm.com/,,,
沐心泉休閒農場,,66000,新社區,中和里中興街60號,120.846863,24.149025,http://0425931201.mmmtravel.com.tw/#menu_rwd,,,
大菁休閒農場,,10017,暖暖區,東勢街100-1號,121.757312,25.071178,,,,
蓮荷園休閒農場,,68000,觀音區,藍埔里金華路690號,121.115828,25.012960,,向陽農場,685,T518
花露休閒農場,,10005,卓蘭鎮,西坪里43-3號,120.826167,24.333245,http://flowerhometw.com/?lang=tw,,,
林家古厝休閒農場,,68000,觀音區,大富路221號,121.128688,24.998836,https://lin-jia.com/,大田蓮園,301,T513; T518
香格里拉休閒農場,Shangrila Leisure Farm(香格里拉休閒農場),10002,冬山鄉,大進村梅山路168號,121.729009,24.632506,http://www.shangrilas.com.tw/shangrila/,,,
奈米休閒農場,,10007,大村鄉,南勢村南二橫巷8號,120.542694,23.983951,,,,
鴻旗有機休閒農場,,10013,高樹鄉,泰山村25鄰產業路330號,120.611163,22.795271,,,,
魔菇部落休閒農場,,10007,埔心鄉,柳橋東路829號,0,0,http://www.mmts.com.tw/,,,
雲也居一休閒農場,,10005,大湖鄉,栗林村薑麻園6號,120.828130,24.385720,https://milehigh.com.tw/,,,
雪霸休閒農場,,10004,五峰鄉,桃山村民石380號,121.117813,24.527648,https://www.sheipa.com.tw/,,,
菊園休閒農場,,10005,大湖鄉,栗林村9鄰薑麻園13號,120.824567,24.387433,,,,
白石森活休閒農場,,63000,內湖區,碧山路58號,121.594055,25.105096,https://www.whiterockfarm.com.tw/,石崁,176,小2
花泉休閒農場,,10002,員山鄉,尚德村八甲路15-1號,121.704623,24.727313,,,,
清香休閒農場,,63000,內湖區,大湖街206號,0,0,https://www.refresh.com.tw/,水仙溪橋,13135869,682
大坑休閒農場,,67000,新化區,大坑里82號,120.390500,23.007220,https://www.idakeng.com.tw/,大坑休閒農場,49,綠13
旺山休閒農場,,10002,壯圍鄉,新南村新南路106-11號,121.807281,24.726650,,,,
好時節休閒農場,,68000,大溪區,康莊路三段225號,121.282110,24.854354,https://www.luckytime.com.tw/,頂埔尾,279,5110; 5110A
大塭休閒農場,,10002,礁溪鄉,玉龍路二段497號,121.796456,24.819497,https://www.dawen.com.tw/,,,
天山休閒農場,,10002,三星鄉,天山村下湖路1號,121.628330,24.656366,https://tianshan.yilan-travel.com.tw/?fbclid=IwAR3nQDJpBhDpBdnaQf0s4rcAKzT3I0ujAyTknC5FDg0zA32ujsirb0m792w,,,
不一樣鱷魚生態休閒農場,,10013,潮州鎮,太平路600巷108號,120.535147,22.562699,http://www.crocodile-farm.com.tw/,,,
梅居休閒農場,,63000,士林區,平等里平菁街43巷99號,121.575238,25.141247,https://www.meigfarm.com/,內寮,299,小19
今夜星辰休閒農場,,10007,彰化市,石牌路一段428號,120.606462,24.052155,,,,
華一休閒農場,,64000,大樹區,和山路198號,120.414920,22.696229,,,,
梅花湖休閒農場,,10002,冬山鄉,環湖路66號,121.734616,24.649319,,,,
天使花園休閒農場,,10013,竹田鄉,鳳明村福安路120巷101號,120.513606,22.564681,https://reurl.cc/9DEVon,,,
私房雨露休閒農場,,66000,和平區,東關路一段松鶴三項58-11號,120.974566,24.173807,https://www.kurasu.tw/,,,
水寨一方休閒農場,,66000,東勢區,東崎路三段396號,120.866874,24.259113,https://luoyuki2.wixsite.com/donshi,,,
銘泉生態休閒農場,Ming Chuan Ecological Leisure Farm(銘泉生態休閒農場),10013,瑪家鄉,佳義村11鄰泰平巷114-20號,120.631750,22.662027,https://www.lohasplus.com.tw/index.php?Act=125&MK=125&PK=745&L=1,,,
官老爺休閒農場,,10002,壯圍鄉,新南村霧罕路3號,121.805013,24.720550,,,,
綠寶石休閒農場,Emerald Leisure Farm(綠寶石休閒農場),10002,三星鄉,人和村人和五路302號,121.632531,24.672886,https://emeraldfarm.hiweb.tw,,,